date,precipitation,temp_max,temp_min,wind,weather,Season
2012-01-01,0.0,12.8,5.0,4.7,drizzle,Winter
2012-01-02,10.9,10.6,2.8,4.5,rain,Winter
2012-01-03,0.8,11.7,7.2,2.3,rain,Winter
2012-01-04,20.3,12.2,5.6,4.7,rain,Winter
2012-01-05,1.3,8.9,2.8,6.1,rain,Winter
2012-01-06,2.5,4.4,2.2,2.2,rain,Winter
2012-01-07,0.0,7.2,2.8,2.3,rain,Winter
2012-01-08,0.0,10.0,2.8,2.0,sun,Winter
2012-01-09,4.3,9.4,5.0,3.4,rain,Winter
2012-01-10,1.0,6.1,0.6,3.4,rain,Winter
2012-01-11,0.0,6.1,-1.1,5.1,sun,Winter
2012-01-12,0.0,6.1,-1.7,1.9,sun,Winter
2012-01-13,0.0,5.0,-2.8,1.3,sun,Winter
2012-01-14,4.1,4.4,0.6,5.3,snow,Winter
2012-01-15,5.3,1.1,-3.3,3.2,snow,Winter
2012-01-16,2.5,1.7,-2.8,5.0,snow,Winter
2012-01-17,8.1,3.3,0.0,5.6,snow,Winter
2012-01-18,19.8,0.0,-2.8,5.0,snow,Winter
2012-01-19,15.2,-1.1,-2.8,1.6,snow,Winter
2012-01-20,13.5,7.2,-1.1,2.3,snow,Winter
2012-01-21,3.0,8.3,3.3,8.2,rain,Winter
2012-01-22,6.1,6.7,2.2,4.8,rain,Winter
2012-01-23,0.0,8.3,1.1,3.6,rain,Winter
2012-01-24,8.6,10.0,2.2,5.1,rain,Winter
2012-01-25,8.1,8.9,4.4,5.4,rain,Winter
2012-01-26,4.8,8.9,1.1,4.8,rain,Winter
2012-01-27,0.0,6.7,-2.2,1.4,drizzle,Winter
2012-01-28,0.0,6.7,0.6,2.2,rain,Winter
2012-01-29,27.7,9.4,3.9,4.5,rain,Winter
2012-01-30,3.6,8.3,6.1,5.1,rain,Winter
2012-01-31,1.8,9.4,6.1,3.9,rain,Winter
2012-02-01,13.5,8.9,3.3,2.7,rain,Winter
2012-02-02,0.0,8.3,1.7,2.6,sun,Winter
2012-02-03,0.0,14.4,2.2,5.3,sun,Winter
2012-02-04,0.0,15.6,5.0,4.3,sun,Winter
2012-02-05,0.0,13.9,1.7,2.9,sun,Winter
2012-02-06,0.0,16.1,1.7,5.0,sun,Winter
2012-02-07,0.3,15.6,7.8,5.3,rain,Winter
2012-02-08,2.8,10.0,5.0,2.7,rain,Winter
2012-02-09,2.5,11.1,7.8,2.4,rain,Winter
2012-02-10,2.5,12.8,6.7,3.0,rain,Winter
2012-02-11,0.8,8.9,5.6,3.4,rain,Winter
2012-02-12,1.0,8.3,5.0,1.3,rain,Winter
2012-02-13,11.4,7.2,4.4,1.4,rain,Winter
2012-02-14,2.5,6.7,1.1,3.1,rain,Winter
2012-02-15,0.0,7.2,0.6,1.8,drizzle,Winter
2012-02-16,1.8,7.2,3.3,2.1,rain,Winter
2012-02-17,17.3,10.0,4.4,3.4,rain,Winter
2012-02-18,6.4,6.7,3.9,8.1,rain,Winter
2012-02-19,0.0,6.7,2.2,4.7,sun,Winter
2012-02-20,3.0,7.8,1.7,2.9,rain,Winter
2012-02-21,0.8,10.0,7.8,7.5,rain,Winter
2012-02-22,8.6,10.0,2.8,5.9,rain,Winter
2012-02-23,0.0,8.3,2.8,3.9,sun,Winter
2012-02-24,11.4,6.7,4.4,3.5,rain,Winter
2012-02-25,0.0,7.2,2.8,6.4,rain,Winter
2012-02-26,1.3,5.0,-1.1,3.4,snow,Winter
2012-02-27,0.0,6.7,-2.2,3.0,sun,Winter
2012-02-28,3.6,6.7,-0.6,4.2,snow,Winter
2012-02-29,0.8,5.0,1.1,7.0,snow,Winter
2012-03-01,0.0,6.1,1.1,3.1,sun,Spring
2012-03-02,2.0,6.7,3.9,5.1,rain,Spring
2012-03-03,0.0,12.2,6.7,7.0,sun,Spring
2012-03-04,0.0,10.6,6.7,5.6,rain,Spring
2012-03-05,6.9,7.8,1.1,6.2,rain,Spring
2012-03-06,0.5,6.7,0.0,2.7,snow,Spring
2012-03-07,0.0,8.9,-1.7,2.7,sun,Spring
2012-03-08,0.0,15.6,0.6,2.5,sun,Spring
2012-03-09,3.6,9.4,5.0,2.8,rain,Spring
2012-03-10,10.4,7.2,6.1,3.4,rain,Spring
2012-03-11,13.7,6.7,2.8,5.8,rain,Spring
2012-03-12,19.3,8.3,0.6,6.2,snow,Spring
2012-03-13,9.4,5.6,0.6,5.3,snow,Spring
2012-03-14,8.6,7.8,1.1,4.7,rain,Spring
2012-03-15,23.9,11.1,5.6,5.8,snow,Spring
2012-03-16,8.4,8.9,3.9,5.1,rain,Spring
2012-03-17,9.4,10.0,0.6,3.8,snow,Spring
2012-03-18,3.6,5.0,-0.6,2.7,rain,Spring
2012-03-19,2.0,7.2,-1.1,3.0,rain,Spring
2012-03-20,3.6,7.8,2.2,6.4,rain,Spring
2012-03-21,1.3,8.9,1.1,2.5,rain,Spring
2012-03-22,4.1,10.0,1.7,2.1,rain,Spring
2012-03-23,0.0,12.2,0.6,2.8,sun,Spring
2012-03-24,0.0,15.0,3.3,5.2,sun,Spring
2012-03-25,0.0,13.3,2.2,2.7,rain,Spring
2012-03-26,0.0,12.8,6.1,4.3,drizzle,Spring
2012-03-27,4.8,14.4,6.7,3.8,rain,Spring
2012-03-28,1.3,10.6,7.2,5.9,rain,Spring
2012-03-29,27.4,10.0,6.1,4.4,rain,Spring
2012-03-30,5.6,9.4,5.0,4.7,rain,Spring
2012-03-31,13.2,10.0,2.8,3.4,rain,Spring
2012-04-01,1.5,8.9,4.4,6.8,rain,Spring
2012-04-02,0.0,16.7,4.4,3.1,sun,Spring
2012-04-03,1.5,11.7,3.3,3.1,rain,Spring
2012-04-04,0.0,10.6,2.8,2.1,sun,Spring
2012-04-05,4.6,9.4,2.8,1.8,snow,Spring
2012-04-06,0.3,11.1,3.3,2.6,rain,Spring
2012-04-07,0.0,16.1,1.7,4.3,sun,Spring
2012-04-08,0.0,21.1,7.2,4.1,sun,Spring
2012-04-09,0.0,20.0,6.1,2.1,sun,Spring
2012-04-10,0.0,17.8,8.9,3.2,rain,Spring
2012-04-11,2.3,11.1,7.2,2.6,rain,Spring
2012-04-12,0.5,13.9,5.6,2.6,rain,Spring
2012-04-13,0.0,15.0,3.9,4.0,drizzle,Spring
2012-04-14,0.0,15.6,3.3,3.0,sun,Spring
2012-04-15,0.0,16.1,7.2,2.9,rain,Spring
2012-04-16,8.1,13.3,6.7,5.8,rain,Spring
2012-04-17,1.8,10.0,4.4,2.0,rain,Spring
2012-04-18,1.8,13.3,7.2,3.9,rain,Spring
2012-04-19,10.9,13.9,5.0,2.6,rain,Spring
2012-04-20,6.6,13.3,6.7,2.7,rain,Spring
2012-04-21,0.0,20.0,4.4,2.3,sun,Spring
2012-04-22,0.0,23.3,8.3,2.6,rain,Spring
2012-04-23,0.0,21.7,8.9,3.5,sun,Spring
2012-04-24,4.3,13.9,10.0,2.8,rain,Spring
2012-04-25,10.7,16.7,8.9,2.6,rain,Spring
2012-04-26,3.8,13.9,6.7,5.2,rain,Spring
2012-04-27,0.8,13.3,6.1,4.8,rain,Spring
2012-04-28,0.0,16.1,8.3,2.5,drizzle,Spring
2012-04-29,4.3,15.6,8.9,1.6,rain,Spring
2012-04-30,4.3,12.8,7.2,8.0,rain,Spring
2012-05-01,0.5,11.7,6.1,6.4,rain,Spring
2012-05-02,0.5,13.3,5.6,2.5,rain,Spring
2012-05-03,18.5,11.1,7.2,3.4,rain,Spring
2012-05-04,1.8,12.2,6.1,4.6,rain,Spring
2012-05-05,0.0,13.3,5.0,2.3,sun,Spring
2012-05-06,0.0,17.8,5.0,2.4,sun,Spring
2012-05-07,0.0,23.9,6.1,2.2,sun,Spring
2012-05-08,0.0,18.3,9.4,3.0,sun,Spring
2012-05-09,0.0,13.3,6.7,3.9,rain,Spring
2012-05-10,0.0,14.4,3.9,3.0,sun,Spring
2012-05-11,0.0,18.3,4.4,4.3,sun,Spring
2012-05-12,0.0,24.4,6.7,3.4,sun,Spring
2012-05-13,0.0,25.6,9.4,4.2,sun,Spring
2012-05-14,0.0,26.7,12.8,3.8,sun,Spring
2012-05-15,0.0,24.4,9.4,4.1,drizzle,Spring
2012-05-16,0.0,19.4,9.4,3.5,sun,Spring
2012-05-17,0.0,17.8,6.7,2.9,rain,Spring
2012-05-18,0.0,15.6,7.8,3.1,rain,Spring
2012-05-19,0.0,19.4,7.2,1.5,sun,Spring
2012-05-20,6.4,14.4,11.7,1.3,rain,Spring
2012-05-21,14.0,16.7,10.0,4.0,rain,Spring
2012-05-22,6.1,12.8,8.9,4.8,rain,Spring
2012-05-23,0.3,14.4,8.9,6.3,rain,Spring
2012-05-24,0.0,17.2,8.9,3.3,rain,Spring
2012-05-25,0.0,22.2,8.9,3.1,rain,Spring
2012-05-26,0.0,22.2,8.9,3.6,sun,Spring
2012-05-27,0.0,17.2,11.7,3.7,sun,Spring
2012-05-28,0.0,16.7,10.0,3.4,rain,Spring
2012-05-29,0.0,16.1,7.8,1.8,sun,Spring
2012-05-30,0.3,18.9,11.1,1.5,rain,Spring
2012-05-31,3.8,17.8,12.2,2.7,rain,Spring
2013-01-01,0.0,5.0,-2.8,2.7,sun,Winter
2013-01-02,0.0,6.1,-1.1,3.2,sun,Winter
2013-01-03,4.1,6.7,-1.7,3.0,rain,Winter
2013-01-04,2.5,10.0,2.2,2.8,rain,Winter
2013-01-05,3.0,6.7,4.4,3.1,rain,Winter
2013-01-06,2.0,7.2,2.8,3.0,rain,Winter
2013-01-07,2.3,10.0,4.4,7.3,rain,Winter
2013-01-08,16.3,11.7,5.6,6.3,rain,Winter
2013-01-09,38.4,10.0,1.7,5.1,rain,Winter
2013-01-10,0.3,3.3,-0.6,2.1,snow,Winter
2013-01-11,0.0,2.8,-2.8,1.9,drizzle,Winter
2013-01-12,0.0,2.8,-3.9,2.0,sun,Winter
2013-01-13,0.0,2.2,-4.4,1.5,sun,Winter
2013-01-14,0.0,3.3,-2.2,1.3,sun,Winter
2013-01-15,0.0,6.7,-0.6,2.3,sun,Winter
2013-01-16,0.0,6.1,-3.9,1.8,drizzle,Winter
2013-01-17,0.0,3.9,-2.8,1.0,drizzle,Winter
2013-01-18,0.0,3.3,-1.1,1.3,drizzle,Winter
2013-01-19,0.0,1.1,-0.6,1.9,drizzle,Winter
2013-01-20,0.0,3.3,-0.6,2.1,drizzle,Winter
2013-01-21,0.0,2.2,-1.7,1.1,drizzle,Winter
2013-01-22,0.0,3.3,-1.7,0.6,drizzle,Winter
2013-01-23,5.1,7.2,2.2,3.1,rain,Winter
2013-01-24,5.8,7.2,1.1,2.6,rain,Winter
2013-01-25,3.0,10.6,2.8,2.1,rain,Winter
2013-01-26,2.3,8.3,3.9,4.5,rain,Winter
2013-01-27,1.8,5.6,3.9,4.5,rain,Winter
2013-01-28,7.9,6.1,3.3,3.2,rain,Winter
2013-01-29,4.3,8.3,5.0,3.9,rain,Winter
2013-01-30,3.6,8.9,6.7,3.9,rain,Winter
2013-01-31,3.0,9.4,7.2,4.0,rain,Winter
2013-02-01,0.3,11.7,5.0,2.9,rain,Winter
2013-02-02,0.0,6.1,2.8,2.0,drizzle,Winter
2013-02-03,2.3,8.9,2.8,2.9,rain,Winter
2013-02-04,0.0,10.6,6.7,2.6,rain,Winter
2013-02-05,3.3,10.0,6.7,5.1,rain,Winter
2013-02-06,1.0,10.6,6.1,4.5,rain,Winter
2013-02-07,1.3,9.4,3.3,4.1,rain,Winter
2013-02-08,0.0,7.8,2.2,1.3,sun,Winter
2013-02-09,0.3,8.3,4.4,1.3,rain,Winter
2013-02-10,0.0,8.9,1.7,2.0,drizzle,Winter
2013-02-11,0.3,8.3,4.4,1.4,rain,Winter
2013-02-12,1.0,11.1,7.2,5.6,rain,Winter
2013-02-13,2.3,9.4,7.2,4.1,rain,Winter
2013-02-14,1.0,9.4,5.6,2.2,rain,Winter
2013-02-15,0.0,13.3,5.0,2.4,drizzle,Winter
2013-02-16,0.0,11.1,3.9,5.6,rain,Winter
2013-02-17,0.0,9.4,4.4,3.4,rain,Winter
2013-02-18,0.0,7.8,3.9,1.9,rain,Winter
2013-02-19,0.0,10.6,1.7,3.4,sun,Winter
2013-02-20,1.5,7.8,1.1,2.1,rain,Winter
2013-02-21,0.5,6.7,3.9,6.2,rain,Winter
2013-02-22,9.4,7.8,3.9,8.1,rain,Winter
2013-02-23,0.3,10.0,3.9,4.6,rain,Winter
2013-02-24,0.0,8.9,5.0,5.5,rain,Winter
2013-02-25,2.3,10.6,3.3,7.1,rain,Winter
2013-02-26,0.5,8.9,3.9,3.8,rain,Winter
2013-02-27,4.6,10.0,4.4,1.8,rain,Winter
2013-02-28,8.1,11.7,6.7,3.8,rain,Winter
2013-03-01,4.1,15.0,11.1,5.4,rain,Spring
2013-03-02,0.8,13.9,5.0,4.5,rain,Spring
2013-03-03,0.0,11.1,2.2,2.8,sun,Spring
2013-03-04,0.0,13.3,0.0,3.9,sun,Spring
2013-03-05,0.0,9.4,6.1,2.4,rain,Spring
2013-03-06,11.9,7.2,5.0,4.1,rain,Spring
2013-03-07,7.4,12.2,5.0,2.5,rain,Spring
2013-03-08,0.0,11.7,2.2,2.6,drizzle,Spring
2013-03-09,0.0,12.8,1.1,1.3,fog,Spring
2013-03-10,0.8,7.8,3.9,1.6,rain,Spring
2013-03-11,1.3,10.6,6.1,1.1,rain,Spring
2013-03-12,2.0,12.8,10.0,5.7,rain,Spring
2013-03-13,2.3,11.7,9.4,3.7,rain,Spring
2013-03-14,2.8,11.7,9.4,3.0,rain,Spring
2013-03-15,0.0,14.4,8.9,4.3,rain,Spring
2013-03-16,4.3,10.6,4.4,6.4,rain,Spring
2013-03-17,0.0,8.9,3.9,6.1,sun,Spring
2013-03-18,0.0,11.7,3.9,5.9,rain,Spring
2013-03-19,11.7,12.8,1.7,3.4,rain,Spring
2013-03-20,9.9,11.1,4.4,7.6,rain,Spring
2013-03-21,8.1,10.0,2.2,4.9,snow,Spring
2013-03-22,0.0,9.4,0.6,2.2,sun,Spring
2013-03-23,0.0,10.0,1.1,2.6,sun,Spring
2013-03-24,0.0,12.2,0.6,2.1,sun,Spring
2013-03-25,0.0,16.7,4.4,2.8,sun,Spring
2013-03-26,0.0,16.7,6.1,1.7,sun,Spring
2013-03-27,0.3,13.3,7.2,1.6,rain,Spring
2013-03-28,2.0,16.1,8.3,1.3,rain,Spring
2013-03-29,0.0,18.3,7.8,2.5,rain,Spring
2013-03-30,0.0,20.0,5.6,4.4,drizzle,Spring
2013-03-31,0.0,20.6,6.7,2.9,sun,Spring
2013-04-01,0.0,17.2,8.3,3.6,sun,Spring
2013-04-02,0.0,13.9,8.9,2.2,sun,Spring
2013-04-03,0.0,16.7,7.8,1.6,sun,Spring
2013-04-04,8.4,14.4,10.0,3.0,rain,Spring
2013-04-05,18.5,13.9,10.0,5.6,rain,Spring
2013-04-06,12.7,12.2,7.2,5.0,rain,Spring
2013-04-07,39.1,8.3,5.0,3.9,rain,Spring
2013-04-08,0.8,13.3,6.1,3.1,rain,Spring
2013-04-09,0.0,12.2,6.1,2.4,sun,Spring
2013-04-10,9.4,15.0,8.9,6.4,rain,Spring
2013-04-11,1.5,12.2,6.7,3.8,rain,Spring
2013-04-12,9.7,7.8,4.4,4.6,rain,Spring
2013-04-13,9.4,10.6,3.3,5.7,rain,Spring
2013-04-14,5.8,12.8,4.4,2.3,rain,Spring
2013-04-15,0.0,13.9,4.4,2.4,fog,Spring
2013-04-16,0.3,13.9,3.3,2.6,rain,Spring
2013-04-17,0.0,15.0,3.9,3.3,drizzle,Spring
2013-04-18,5.3,11.7,6.7,4.0,rain,Spring
2013-04-19,20.6,13.3,9.4,4.9,rain,Spring
2013-04-20,0.0,13.9,8.3,5.8,sun,Spring
2013-04-21,3.3,12.2,6.7,4.1,rain,Spring
2013-04-22,0.0,16.1,5.0,4.3,sun,Spring
2013-04-23,0.0,17.8,3.9,2.8,sun,Spring
2013-04-24,0.0,21.1,6.1,3.0,sun,Spring
2013-04-25,0.0,21.7,6.7,1.1,sun,Spring
2013-04-26,0.0,20.6,8.3,2.2,fog,Spring
2013-04-27,0.0,13.9,10.6,5.9,sun,Spring
2013-04-28,1.0,15.0,9.4,5.2,rain,Spring
2013-04-29,3.8,13.9,6.7,4.2,rain,Spring
2013-04-30,0.0,12.8,4.4,2.4,sun,Spring
2013-05-01,0.0,18.3,3.3,3.1,sun,Spring
2013-05-02,0.0,20.6,6.7,4.0,sun,Spring
2013-05-03,0.0,21.7,9.4,4.9,sun,Spring
2013-05-04,0.0,25.0,11.1,6.5,sun,Spring
2013-05-05,0.0,28.9,11.7,5.3,sun,Spring
2013-05-06,0.0,30.6,12.2,2.0,sun,Spring
2013-05-07,0.0,20.6,11.1,3.3,sun,Spring
2013-05-08,0.0,19.4,11.1,1.9,sun,Spring
2013-05-09,0.0,22.8,10.0,1.3,sun,Spring
2013-05-10,0.0,26.1,9.4,1.0,sun,Spring
2013-05-11,0.0,27.2,12.2,2.6,sun,Spring
2013-05-12,6.6,21.7,13.9,3.9,rain,Spring
2013-05-13,3.3,18.9,9.4,5.0,rain,Spring
2013-05-14,0.0,18.3,7.8,2.4,sun,Spring
2013-05-15,1.0,17.2,8.9,2.3,rain,Spring
2013-05-16,0.0,21.7,12.2,2.7,fog,Spring
2013-05-17,0.5,17.2,11.7,3.7,rain,Spring
2013-05-18,0.0,16.7,11.1,2.9,sun,Spring
2013-05-19,0.0,18.3,10.6,2.3,sun,Spring
2013-05-20,0.0,19.4,9.4,1.8,sun,Spring
2013-05-21,13.7,15.6,8.3,4.8,rain,Spring
2013-05-22,13.7,11.1,7.2,3.0,rain,Spring
2013-05-23,4.1,12.2,6.7,1.9,rain,Spring
2013-05-24,0.3,16.7,8.9,2.7,rain,Spring
2013-05-25,0.0,17.8,10.0,2.7,sun,Spring
2013-05-26,1.5,18.3,10.6,2.2,rain,Spring
2013-05-27,9.7,16.7,11.1,3.1,rain,Spring
2013-05-28,0.5,17.2,11.7,2.8,rain,Spring
2013-05-29,5.6,16.1,9.4,4.0,rain,Spring
2013-05-30,0.0,16.7,9.4,5.3,sun,Spring
2013-05-31,0.0,19.4,11.1,2.5,sun,Spring
2014-01-01,0.0,7.2,3.3,1.2,sun,Winter
2014-01-02,4.1,10.6,6.1,3.2,rain,Winter
2014-01-03,1.5,8.9,2.8,2.6,rain,Winter
2014-01-04,0.0,7.8,0.6,2.7,fog,Winter
2014-01-05,0.0,8.3,-0.5,3.7,sun,Winter
2014-01-06,0.3,7.8,-0.5,2.6,rain,Winter
2014-01-07,12.2,8.3,5.0,1.6,rain,Winter
2014-01-08,9.7,10.0,7.2,4.6,rain,Winter
2014-01-09,5.8,9.4,5.6,6.3,rain,Winter
2014-01-10,4.3,12.8,8.3,7.0,rain,Winter
2014-01-11,21.3,14.4,7.2,8.8,rain,Winter
2014-01-12,1.5,11.1,5.6,8.1,rain,Winter
2014-01-13,0.0,10.6,10.0,7.1,sun,Winter
2014-01-14,0.0,11.1,7.2,1.3,sun,Winter
2014-01-15,0.0,11.1,5.6,2.5,sun,Winter
2014-01-16,0.0,6.7,4.4,2.7,sun,Winter
2014-01-17,0.0,5.6,2.8,2.3,sun,Winter
2014-01-18,0.0,9.4,0.6,2.2,sun,Winter
2014-01-19,0.0,6.1,3.3,2.5,sun,Winter
2014-01-20,0.0,10.0,2.8,2.2,sun,Winter
2014-01-21,0.0,10.0,1.7,1.5,sun,Winter
2014-01-22,0.5,9.4,5.6,2.6,rain,Winter
2014-01-23,0.0,10.0,2.8,5.2,fog,Winter
2014-01-24,0.0,12.8,1.1,1.9,sun,Winter
2014-01-25,0.0,12.2,1.1,0.8,sun,Winter
2014-01-26,0.0,8.3,0.6,1.3,sun,Winter
2014-01-27,0.0,9.4,1.7,1.3,sun,Winter
2014-01-28,8.9,11.1,6.1,1.6,rain,Winter
2014-01-29,21.6,11.1,7.2,3.4,rain,Winter
2014-01-30,0.0,8.3,6.1,6.4,sun,Winter
2014-01-31,2.3,7.8,5.6,2.6,rain,Winter
2014-02-01,2.0,7.8,2.8,0.8,rain,Winter
2014-02-02,0.0,8.9,1.1,2.5,sun,Winter
2014-02-03,0.0,5.0,0.0,4.3,sun,Winter
2014-02-04,0.0,2.8,-2.1,4.7,sun,Winter
2014-02-05,0.0,-0.5,-5.5,6.6,sun,Winter
2014-02-06,0.0,-1.6,-6.0,4.5,sun,Winter
2014-02-07,0.0,3.3,-4.9,4.2,sun,Winter
2014-02-08,5.1,5.6,-0.5,4.6,snow,Winter
2014-02-09,0.5,3.9,0.0,2.4,rain,Winter
2014-02-10,18.3,10.0,2.2,4.7,rain,Winter
2014-02-11,17.0,12.2,5.6,3.8,rain,Winter
2014-02-12,4.6,12.2,7.2,6.4,rain,Winter
2014-02-13,1.8,12.8,7.8,6.3,rain,Winter
2014-02-14,9.4,11.7,6.1,6.4,rain,Winter
2014-02-15,11.7,11.1,5.0,5.1,rain,Winter
2014-02-16,26.4,9.4,3.9,7.9,rain,Winter
2014-02-17,14.5,8.3,4.4,5.5,rain,Winter
2014-02-18,15.2,8.9,5.0,6.2,rain,Winter
2014-02-19,1.0,8.3,3.9,6.0,rain,Winter
2014-02-20,3.0,10.0,5.6,6.9,rain,Winter
2014-02-21,2.8,6.7,3.9,2.9,rain,Winter
2014-02-22,2.5,5.6,2.8,3.1,rain,Winter
2014-02-23,6.1,7.2,3.9,2.6,rain,Winter
2014-02-24,13.0,6.7,3.3,3.2,rain,Winter
2014-02-25,0.3,12.2,3.9,4.5,rain,Winter
2014-02-26,0.0,13.9,5.6,2.5,sun,Winter
2014-02-27,0.0,12.8,4.4,2.3,sun,Winter
2014-02-28,0.0,14.4,4.4,5.9,sun,Winter
2014-03-01,0.5,7.2,4.4,4.7,rain,Spring
2014-03-02,19.1,11.1,2.8,5.7,rain,Spring
2014-03-03,10.7,14.4,8.9,5.1,rain,Spring
2014-03-04,16.5,13.9,7.8,3.9,rain,Spring
2014-03-05,46.7,15.6,10.6,3.9,rain,Spring
2014-03-06,3.0,13.3,10.0,6.2,rain,Spring
2014-03-07,0.0,15.6,8.9,4.2,sun,Spring
2014-03-08,32.3,12.8,6.7,2.7,rain,Spring
2014-03-09,4.3,15.0,9.4,4.3,rain,Spring
2014-03-10,18.8,12.2,6.1,2.2,rain,Spring
2014-03-11,0.0,14.4,4.4,2.3,fog,Spring
2014-03-12,0.0,16.1,3.3,1.9,fog,Spring
2014-03-13,0.5,13.9,5.0,2.5,rain,Spring
2014-03-14,6.9,14.4,8.3,6.1,rain,Spring
2014-03-15,8.1,16.7,4.4,3.0,rain,Spring
2014-03-16,27.7,10.6,4.4,3.8,rain,Spring
2014-03-17,0.3,10.0,2.8,3.2,rain,Spring
2014-03-18,0.0,10.0,3.3,1.6,sun,Spring
2014-03-19,0.5,11.1,3.3,5.1,rain,Spring
2014-03-20,0.0,11.1,1.7,3.0,sun,Spring
2014-03-21,0.0,10.6,2.8,3.8,sun,Spring
2014-03-22,0.0,11.1,1.1,1.8,sun,Spring
2014-03-23,0.0,12.8,4.4,3.3,sun,Spring
2014-03-24,0.0,18.9,2.8,2.2,sun,Spring
2014-03-25,4.1,13.9,6.7,4.4,rain,Spring
2014-03-26,3.6,11.1,5.6,2.4,rain,Spring
2014-03-27,0.3,12.2,6.7,2.8,rain,Spring
2014-03-28,22.1,11.7,7.2,3.9,rain,Spring
2014-03-29,14.0,11.7,7.2,5.1,rain,Spring
2014-03-30,0.0,11.1,5.0,5.1,sun,Spring
2014-03-31,0.0,15.6,2.2,3.8,sun,Spring
2014-04-01,0.0,14.4,6.7,2.8,sun,Spring
2014-04-02,0.0,14.4,5.6,4.2,sun,Spring
2014-04-03,2.5,13.3,6.1,3.9,rain,Spring
2014-04-04,0.0,12.8,6.1,4.7,sun,Spring
2014-04-05,4.6,11.7,7.8,4.3,rain,Spring
2014-04-06,0.0,13.9,8.3,2.6,sun,Spring
2014-04-07,0.0,21.1,9.4,2.5,sun,Spring
2014-04-08,4.6,15.6,8.3,4.2,rain,Spring
2014-04-09,0.0,14.4,6.7,2.9,sun,Spring
2014-04-10,0.0,15.0,6.7,3.6,sun,Spring
2014-04-11,0.0,17.2,5.0,2.8,sun,Spring
2014-04-12,0.0,16.1,7.8,4.4,sun,Spring
2014-04-13,0.0,20.6,5.6,3.1,sun,Spring
2014-04-14,0.0,20.0,5.6,2.6,sun,Spring
2014-04-15,0.5,14.4,7.8,4.0,rain,Spring
2014-04-16,10.9,11.1,8.9,4.6,rain,Spring
2014-04-17,18.5,11.7,7.2,4.7,rain,Spring
2014-04-18,0.0,14.4,5.6,3.8,sun,Spring
2014-04-19,13.7,11.7,5.6,4.7,rain,Spring
2014-04-20,0.0,15.6,5.6,2.7,sun,Spring
2014-04-21,5.1,17.2,7.8,2.5,rain,Spring
2014-04-22,14.2,12.2,5.0,4.2,rain,Spring
2014-04-23,8.9,11.7,6.1,5.0,rain,Spring
2014-04-24,12.4,13.9,6.1,5.3,rain,Spring
2014-04-25,0.0,14.4,5.6,2.3,sun,Spring
2014-04-26,3.3,15.0,5.6,3.9,rain,Spring
2014-04-27,6.9,11.1,6.1,5.8,rain,Spring
2014-04-28,0.0,16.1,4.4,2.6,sun,Spring
2014-04-29,0.0,25.0,9.4,2.3,sun,Spring
2014-04-30,0.0,27.8,9.4,3.9,sun,Spring
2014-05-01,0.0,29.4,11.1,3.0,sun,Spring
2014-05-02,0.0,18.3,10.6,4.7,sun,Spring
2014-05-03,33.3,15.0,8.9,3.4,rain,Spring
2014-05-04,16.0,14.4,8.9,4.2,rain,Spring
2014-05-05,5.1,15.6,9.4,3.8,rain,Spring
2014-05-06,0.0,16.7,8.3,2.6,sun,Spring
2014-05-07,0.0,18.3,7.2,1.7,sun,Spring
2014-05-08,13.7,13.9,9.4,3.4,rain,Spring
2014-05-09,2.0,13.3,7.2,5.6,rain,Spring
2014-05-10,0.5,15.6,7.2,2.1,rain,Spring
2014-05-11,0.0,18.9,8.3,1.7,sun,Spring
2014-05-12,0.0,24.4,9.4,2.7,sun,Spring
2014-05-13,0.0,26.7,12.8,3.8,sun,Spring
2014-05-14,0.0,27.8,13.3,3.3,sun,Spring
2014-05-15,0.0,26.7,12.8,3.0,sun,Spring
2014-05-16,0.0,20.0,11.7,4.1,sun,Spring
2014-05-17,0.0,20.0,11.7,3.2,sun,Spring
2014-05-18,0.0,20.0,10.6,3.2,sun,Spring
2014-05-19,0.0,21.1,10.0,2.2,sun,Spring
2014-05-20,0.0,22.2,10.0,2.7,sun,Spring
2014-05-21,0.0,20.0,10.6,1.7,sun,Spring
2014-05-22,0.0,24.4,11.7,2.5,sun,Spring
2014-05-23,3.8,20.0,12.8,4.0,rain,Spring
2014-05-24,0.0,18.3,11.1,2.4,sun,Spring
2014-05-25,5.6,15.0,10.6,1.4,rain,Spring
2014-05-26,0.0,18.3,11.1,4.5,sun,Spring
2014-05-27,0.0,20.0,10.0,2.5,sun,Spring
2014-05-28,0.0,18.9,10.0,3.4,sun,Spring
2014-05-29,0.0,18.9,11.1,4.3,sun,Spring
2014-05-30,0.0,20.6,8.9,4.5,sun,Spring
2014-05-31,0.0,23.3,10.0,2.2,sun,Spring
2015-01-01,0.0,5.6,-3.2,1.2,sun,Winter
2015-01-02,1.5,5.6,0.0,2.3,rain,Winter
2015-01-03,0.0,5.0,1.7,1.7,fog,Winter
2015-01-04,10.2,10.6,3.3,4.5,rain,Winter
2015-01-05,8.1,12.2,9.4,6.4,rain,Winter
2015-01-06,0.0,12.2,6.1,1.3,fog,Winter
2015-01-07,0.0,7.8,5.6,1.6,fog,Winter
2015-01-08,0.0,7.8,1.7,2.6,fog,Winter
2015-01-09,0.3,10.0,3.3,0.6,rain,Winter
2015-01-10,5.8,7.8,6.1,0.5,rain,Winter
2015-01-11,1.5,9.4,7.2,1.1,rain,Winter
2015-01-12,0.0,11.1,4.4,1.6,fog,Winter
2015-01-13,0.0,9.4,2.8,2.7,fog,Winter
2015-01-14,0.0,6.1,0.6,2.8,fog,Winter
2015-01-15,9.7,7.8,1.1,3.2,rain,Winter
2015-01-16,0.0,11.7,5.6,4.5,fog,Winter
2015-01-17,26.2,13.3,3.3,2.8,rain,Winter
2015-01-18,21.3,13.9,7.2,6.6,rain,Winter
2015-01-19,0.5,10.0,6.1,2.8,rain,Winter
2015-01-20,0.0,10.0,3.3,3.0,fog,Winter
2015-01-21,0.0,7.2,-0.5,1.3,fog,Winter
2015-01-22,0.8,9.4,6.1,1.3,rain,Winter
2015-01-23,5.8,12.2,8.3,2.6,rain,Winter
2015-01-24,0.5,14.4,11.1,3.3,rain,Winter
2015-01-25,0.0,17.2,7.2,1.4,fog,Winter
2015-01-26,0.0,16.1,6.1,2.2,fog,Winter
2015-01-27,0.8,11.1,8.3,2.0,rain,Winter
2015-01-28,0.0,12.2,5.0,1.8,fog,Winter
2015-01-29,0.0,12.2,3.3,2.9,sun,Winter
2015-01-30,0.0,8.3,1.1,0.8,fog,Winter
2015-01-31,0.0,7.2,3.3,1.9,fog,Winter
2015-02-01,1.5,9.4,4.4,2.6,rain,Winter
2015-02-02,7.4,11.1,5.0,4.0,rain,Winter
2015-02-03,1.3,10.0,5.6,1.9,rain,Winter
2015-02-04,8.4,10.6,4.4,1.7,rain,Winter
2015-02-05,26.2,13.3,8.3,4.6,rain,Winter
2015-02-06,17.3,14.4,10.0,4.5,rain,Winter
2015-02-07,23.6,12.2,9.4,4.6,rain,Winter
2015-02-08,3.6,15.0,8.3,3.9,rain,Winter
2015-02-09,6.1,13.3,8.3,2.5,rain,Winter
2015-02-10,0.3,12.8,8.3,4.0,rain,Winter
2015-02-11,0.0,12.8,5.6,1.0,fog,Winter
2015-02-12,1.0,16.7,9.4,2.1,rain,Winter
2015-02-13,0.0,15.6,6.7,1.7,fog,Winter
2015-02-14,0.3,14.4,6.7,2.9,rain,Winter
2015-02-15,0.0,12.2,3.9,4.8,sun,Winter
2015-02-16,0.0,15.0,5.6,6.6,fog,Winter
2015-02-17,0.0,16.1,4.4,4.0,sun,Winter
2015-02-18,0.0,12.2,4.4,2.6,sun,Winter
2015-02-19,4.6,10.6,8.3,2.2,rain,Winter
2015-02-20,0.8,11.1,7.2,0.9,rain,Winter
2015-02-21,0.0,12.2,5.6,4.5,sun,Winter
2015-02-22,0.0,11.7,3.3,4.2,sun,Winter
2015-02-23,0.0,12.8,0.6,1.4,sun,Winter
2015-02-24,0.0,11.1,2.2,1.5,sun,Winter
2015-02-25,4.1,10.0,6.7,1.0,rain,Winter
2015-02-26,9.4,11.7,7.8,1.4,rain,Winter
2015-02-27,18.3,10.0,6.7,4.0,rain,Winter
2015-02-28,0.0,12.2,3.3,5.1,sun,Winter
2015-03-01,0.0,11.1,1.1,2.2,sun,Fall
2015-03-02,0.0,11.1,4.4,4.8,sun,Fall
2015-03-03,0.0,10.6,0.0,2.1,sun,Fall
2015-03-04,0.0,12.8,-0.5,1.8,sun,Fall
2015-03-05,0.0,13.3,2.8,1.3,sun,Fall
2015-03-06,0.0,15.0,3.3,1.4,sun,Fall
2015-03-07,0.0,16.7,3.9,2.7,fog,Fall
2015-03-08,0.0,17.2,3.9,1.7,fog,Fall
2015-03-09,0.0,14.4,4.4,1.8,fog,Fall
2015-03-10,0.8,13.3,5.0,2.6,rain,Fall
2015-03-11,2.5,14.4,8.9,3.1,rain,Fall
2015-03-12,0.0,17.8,9.4,3.2,sun,Fall
2015-03-13,2.0,17.2,7.8,2.2,rain,Fall
2015-03-14,17.0,13.9,9.4,3.8,rain,Fall
2015-03-15,55.9,10.6,6.1,4.2,rain,Fall
2015-03-16,1.0,13.9,6.1,3.0,rain,Fall
2015-03-17,0.8,13.3,4.4,2.6,rain,Fall
2015-03-18,0.0,15.6,7.2,2.5,sun,Fall
2015-03-19,0.0,15.6,8.3,1.9,sun,Fall
2015-03-20,4.1,13.9,8.9,1.9,rain,Fall
2015-03-21,3.8,13.3,8.3,4.7,rain,Fall
2015-03-22,1.0,11.7,6.1,2.3,rain,Fall
2015-03-23,8.1,11.1,5.6,2.8,rain,Fall
2015-03-24,7.6,12.8,6.1,3.9,rain,Fall
2015-03-25,5.1,14.4,7.2,4.4,rain,Fall
2015-03-26,0.0,20.6,10.0,2.2,sun,Fall
2015-03-27,1.0,18.3,8.9,4.0,rain,Fall
2015-03-28,0.0,15.6,9.4,5.7,sun,Fall
2015-03-29,0.0,15.6,8.9,3.0,sun,Fall
2015-03-30,1.8,17.8,10.6,2.9,rain,Fall
2015-03-31,1.0,12.8,6.1,4.2,rain,Fall
2015-04-01,5.1,12.8,5.6,3.2,rain,Fall
2015-04-02,0.0,13.3,5.6,2.4,sun,Fall
2015-04-03,1.5,11.1,5.0,3.6,rain,Fall
2015-04-04,0.0,12.8,3.9,1.7,sun,Fall
2015-04-05,0.0,16.7,2.8,2.4,sun,Fall
2015-04-06,1.0,13.9,6.7,3.5,rain,Fall
2015-04-07,0.5,14.4,6.7,3.9,rain,Fall
2015-04-08,0.0,17.2,6.1,1.7,sun,Fall
2015-04-09,0.0,17.2,6.1,2.3,sun,Fall
2015-04-10,10.9,13.9,7.8,4.6,rain,Fall
2015-04-11,0.0,11.7,5.6,6.5,sun,Fall
2015-04-12,0.0,13.3,5.6,3.6,sun,Fall
2015-04-13,14.0,11.7,3.9,3.6,rain,Fall
2015-04-14,3.3,11.7,2.8,3.3,rain,Fall
2015-04-15,0.0,13.9,3.3,2.4,sun,Fall
2015-04-16,0.0,17.8,3.9,3.1,sun,Fall
2015-04-17,0.0,18.9,6.1,3.6,sun,Fall
2015-04-18,0.0,18.9,8.3,3.9,sun,Fall
2015-04-19,0.0,21.1,8.3,3.6,sun,Fall
2015-04-20,0.0,22.8,7.8,2.6,sun,Fall
2015-04-21,5.6,17.2,6.7,3.4,rain,Fall
2015-04-22,0.0,15.6,5.0,2.3,sun,Fall
2015-04-23,3.0,12.2,6.7,4.1,rain,Fall
2015-04-24,3.3,12.2,6.1,5.0,rain,Fall
2015-04-25,1.3,13.3,5.6,3.0,rain,Fall
2015-04-26,0.0,15.6,4.4,2.7,fog,Fall
2015-04-27,0.3,25.0,10.6,2.3,rain,Fall
2015-04-28,1.8,15.6,8.9,4.3,rain,Fall
2015-04-29,0.0,16.1,7.2,4.7,sun,Fall
2015-04-30,0.0,17.2,7.8,2.1,sun,Fall
2015-05-01,0.0,18.3,8.9,3.7,sun,Fall
2015-05-02,0.0,18.3,7.8,3.7,sun,Fall
2015-05-03,0.0,20.6,7.8,2.6,sun,Fall
2015-05-04,0.0,17.2,7.2,5.2,sun,Fall
2015-05-05,6.1,14.4,7.2,5.1,rain,Fall
2015-05-06,0.0,16.7,7.2,2.6,fog,Fall
2015-05-07,0.0,20.6,6.1,3.0,sun,Fall
2015-05-08,0.0,23.9,8.3,3.0,sun,Fall
2015-05-09,0.0,26.7,9.4,2.6,sun,Fall
2015-05-10,0.0,19.4,11.1,2.8,sun,Fall
2015-05-11,0.0,13.9,10.0,2.5,fog,Fall
2015-05-12,4.3,15.6,10.6,3.3,rain,Fall
2015-05-13,4.1,12.2,10.0,2.8,rain,Fall
2015-05-14,0.3,17.8,9.4,2.0,rain,Fall
2015-05-15,0.0,20.0,9.4,2.8,fog,Fall
2015-05-16,0.0,15.6,11.1,3.0,sun,Fall
2015-05-17,0.0,19.4,10.6,2.1,sun,Fall
2015-05-18,0.0,25.6,12.2,3.0,sun,Fall
2015-05-19,0.0,21.7,11.7,2.6,sun,Fall
2015-05-20,0.0,23.3,10.6,1.8,fog,Fall
2015-05-21,0.0,25.6,11.7,2.1,sun,Fall
2015-05-22,0.0,16.7,11.7,3.7,sun,Fall
2015-05-23,0.0,16.1,11.7,2.6,sun,Fall
2015-05-24,0.0,17.8,11.1,2.7,sun,Fall
2015-05-25,0.0,15.6,11.1,2.7,sun,Fall
2015-05-26,0.0,21.7,11.7,2.1,sun,Fall
2015-05-27,0.0,24.4,11.7,1.8,sun,Fall
2015-05-28,0.0,27.8,12.2,2.1,sun,Fall
2015-05-29,0.0,26.1,12.8,2.5,sun,Fall
2015-05-30,0.0,22.8,10.0,2.5,sun,Fall
2015-05-31,0.0,25.0,11.7,2.2,sun,